,ID,Name,Gender,Birthday,Place of Birth
0,4027,Frank Darabont,Male,1959-01-28,"Montbéliard, Doubs, France"
1,1776,Francis Ford Coppola,Male,1939-04-07,"Detroit, Michigan, USA"
2,74091,Makoto Shinkai,Male,1973-02-09,"Nagano Prefecture, Japan"
3,488,Steven Spielberg,Male,1946-12-18,Cincinnati - Ohio - USA
4,1776,Francis Ford Coppola,Male,1939-04-07,"Detroit, Michigan, USA"
5,608,Hayao Miyazaki,Male,1941-01-05,Tokyo
6,4027,Frank Darabont,Male,1959-01-28,"Montbéliard, Doubs, France"
7,4818,Roberto Benigni,Male,1952-10-27,"Manciano La Misericordia, Castiglion Fiorentino, Arezzo, Italia"
8,5602,David Lynch,Male,1946-01-20,"Missoula, Montana, USA"
9,138,Quentin Tarantino,Male,1963-03-27,"Knoxville, Tennessee, USA"
10,2636,Alfred Hitchcock,Male,1899-08-13,Leytonstone - London - England
11,525,Christopher Nolan,Male,1970-07-30,"London, England, UK"
12,7467,David Fincher,Male,1962-08-28,"Denver, Colorado, USA"
13,24,Robert Zemeckis,Male,1951-05-14,"Chicago, Illinois, USA"
14,5026,Akira Kurosawa,Male,1910-03-23,"Shinagawa, Tóquio, Japão"
15,77921,Hideaki Anno,Male,1960-05-22,"Ube, Yamaguchi, Japan"
16,77923,Kazuya Tsurumaki,Male,1966-02-02,"Gosen, Niigata Prefecture, Japan"
17,39996,Sidney Lumet,Male,1924-06-25,"Philadelphia, Pennsylvania, USA"
18,4385,Sergio Leone,Male,1929-01-03,"Rome, Italy"
19,628,Isao Takahata,Male,1935-10-29,"Ujiyamada, Mie prefecture, Japan"
20,108,Peter Jackson,Male,1961-10-31,"Pukerua Bay, North Island, New Zealand"
21,1032,Martin Scorsese,Male,1942-11-17,"Queens, New York, USA"
22,7396,Peter Farrelly,Male,1956-12-17,"Phoenixville, Pennsylvania, USA"
23,3974,Miloš Forman,Male,1932-02-18,"Čáslav, Československo"
24,65314,Giuseppe Tornatore,Male,1956-05-27,"Bagheria, Sicilia, Italia"
25,136495,Damien Chazelle,Male,1985-01-19,"Providence, Rhode Island, USA"
26,13848,Charlie Chaplin,Male,1889-04-16,"Walworth, London, England, UK"
27,4385,Sergio Leone,Male,1929-01-03,"Rome, Italy"
28,76978,Masaki Kobayashi,Male,1916-02-14,"Otaru, Hokkaidō, Japan"
29,3146,Billy Wilder,Male,1906-06-22,"Sucha, Galicia, Austria-Hungary"
30,13848,Charlie Chaplin,Male,1889-04-16,"Walworth, London, England, UK"
31,102560,Guel Arraes,Male,1953-12-12,"Recife, Pernambuco, Brazil"
32,814,Tony Kaye,Male,1946-01-11,"London, United Kingdom"
33,608,Hayao Miyazaki,Male,1941-01-05,Tokyo
34,8557,Fernando Meirelles,Male,1955-11-09,"São Paulo, São Paulo, Brazil"
35,10930,Irvin Kershner,Male,1923-04-29,"Philadelphia, Pennsylvania, USA"
36,608,Hayao Miyazaki,Male,1941-01-05,Tokyo
37,10099,Park Chan-wook,Male,1963-08-23,"Seoul, South Korea"
38,5026,Akira Kurosawa,Male,1910-03-23,"Shinagawa, Tóquio, Japão"
39,240,Stanley Kubrick,Male,1928-07-26,"Manhattan, New York, USA"
40,2690,Peter Weir,Male,1944-08-21,"Sydney, New South Wales, Australia"
41,143593,Xavier Dolan,Male,1989-03-20,"Montréal, Québec, Canada"
42,95501,Yasujirō Ozu,Male,1903-12-12,"Tokyo, Japan"
43,3146,Billy Wilder,Male,1906-06-22,"Sucha, Galicia, Austria-Hungary"
44,1202504,Alessio Cremonini,Male,1973-01-01,"Roma, Italia"
45,2636,Alfred Hitchcock,Male,1899-08-13,Leytonstone - London - England
46,59,Luc Besson,Male,1959-03-18,"Paris, France"
47,78160,Luca Guadagnino,Male,1971-08-10,"Palermo, Italy"
48,65314,Giuseppe Tornatore,Male,1956-05-27,"Bagheria, Sicilia, Italia"
49,13848,Charlie Chaplin,Male,1889-04-16,"Walworth, London, England, UK"
50,1466181,Hugh Welchman,Male,1975-01-01,"Bracknell, Regno Unito"
51,1003237,Dorota Kobiela,Female,1978-01-01,"Bytom, Polonia"
52,3556,Roman Polański,Male,1933-08-18,"Paris, France"
53,7467,David Fincher,Male,1962-08-28,"Denver, Colorado, USA"
54,8452,Andrei Tarkovsky,Male,1932-04-04,Yuryevetsky District
55,6648,Ingmar Bergman,Male,1918-07-14,"Uppsala, Uppsala län, Sweden"
56,5026,Akira Kurosawa,Male,1910-03-23,"Shinagawa, Tóquio, Japão"
57,108,Peter Jackson,Male,1961-10-31,"Pukerua Bay, North Island, New Zealand"
58,525,Christopher Nolan,Male,1970-07-30,"London, England, UK"
59,19272,Joe Russo,Male,1971-07-08,"Cleveland, Ohio, USA"
60,19271,Anthony Russo,Male,1970-02-03,"Cleveland, Ohio, USA"
61,16294,Jonathan Demme,Male,1944-02-22,"Baldwin, Long Island, New York, USA"
62,108,Peter Jackson,Male,1961-10-31,"Pukerua Bay, North Island, New Zealand"
63,4385,Sergio Leone,Male,1929-01-03,"Rome, Italy"
64,8578,Daniel Rezende,Male,1975-05-05,"São Paulo, São Paulo, Brazil"
65,84426,Olivier Nakache,Male,1973-04-15,"Suresnes, Francia"
66,84425,Eric Toledano,Male,1967-07-03,"Parigi, Francia"
67,1051305,Oriol Paulo,Male,1975-01-01,"Barcelona, Spain"
68,19311,Stephen Chbosky,Male,1970-01-25,"Pittsburgh, Pennsylvania, United States"
69,13848,Charlie Chaplin,Male,1889-04-16,"Walworth, London, England, UK"
70,88967,Greg Berlanti,Male,1972-05-24,"Rye, New York"
71,24,Robert Zemeckis,Male,1951-05-14,"Chicago, Illinois, USA"
72,8452,Andrei Tarkovsky,Male,1932-04-04,Yuryevetsky District
73,1333461,Kheiron,Male,1982-11-21,"Tehran, Iran"
74,992866,Takahiro Omori,Male,1965-06-25,"Tokyo, Tokyo Prefecture, Japan"
75,525,Christopher Nolan,Male,1970-07-30,"London, England, UK"
76,3146,Billy Wilder,Male,1906-06-22,"Sucha, Galicia, Austria-Hungary"
77,2662,Frank Capra,Male,1897-05-18,"Bisacquino, Sicilia, Italia"
78,68,Fritz Lang,Male,1890-12-05,"Vienna, Austria-Hungary"
79,2636,Alfred Hitchcock,Male,1899-08-13,Leytonstone - London - England
80,81718,Mamoru Hosoda,Male,1967-09-19,"Nakaniikawa District, Toyama, Japan"
81,9032,Bryan Singer,Male,1965-09-17,"New York City, New York, USA"
82,93406,Elem Klimov,Male,1933-07-09,"Stalingrad, Soviet Union"
83,5026,Akira Kurosawa,Male,1910-03-23,"Shinagawa, Tóquio, Japão"
84,10099,Park Chan-wook,Male,1963-08-23,"Seoul, South Korea"
85,1776,Francis Ford Coppola,Male,1939-04-07,"Detroit, Michigan, USA"
86,97202,Kenji Mizoguchi,Male,1898-05-16,"Asakusa, Tokyo, Japan"
87,4415,Federico Fellini,Male,1920-01-20,"Rimini, Emilia-Romagna, Italy"
88,18898,Rob Minkoff,Male,1962-08-11,"Palo Alto, California, U.S."
89,15812,Roger Allers,Male,1949-06-29,"Rye, New York, USA"
90,240,Stanley Kubrick,Male,1928-07-26,"Manhattan, New York, USA"
91,525,Christopher Nolan,Male,1970-07-30,"London, England, UK"
92,9032,Bryan Singer,Male,1965-09-17,"New York City, New York, USA"
93,11572,Carl Theodor Dreyer,Male,1889-02-03,"Copenhagen, Denmark"
94,1,George Lucas,Male,1944-05-14,"Modesto, California, USA"
95,10601,Joseph L. Mankiewicz,Male,1909-02-11,"Wilkes-Barre, Pennsylvania, USA"
96,54472,Martin McDonagh,Male,1970-03-26,"Camberwell, London, England, UK"
97,12329,Vittorio De Sica,Male,1901-07-07,"Sora, Frosinone, Lazio, Italy"
98,3146,Billy Wilder,Male,1906-06-22,"Sucha, Galicia, Austria-Hungary"
99,240,Stanley Kubrick,Male,1928-07-26,"Manhattan, New York, USA"
100,3146,Billy Wilder,Male,1906-06-22,"Sucha, Galicia, Austria-Hungary"
101,6648,Ingmar Bergman,Male,1918-07-14,"Uppsala, Uppsala län, Sweden"
102,8635,Buster Keaton,Male,1895-10-04,"Piqua, Kansas, USA"
103,12329,Vittorio De Sica,Male,1901-07-07,"Sora, Frosinone, Lazio, Italy"
104,628,Isao Takahata,Male,1935-10-29,"Ujiyamada, Mie prefecture, Japan"
105,37846,Emeric Pressburger,Male,1902-12-05,"Miskolc, Hungary"
106,68424,Michael Powell,Male,1905-09-30,"Bekesbourne, Kent, England"
107,138,Quentin Tarantino,Male,1963-03-27,"Knoxville, Tennessee, USA"
108,96676,Tomm Moore,Male,1977-01-07,"Newry, Northern Ireland"
109,40333,Satoshi Kon,Male,1963-10-12,"Kushiro, Hokkaidō, Japan"
110,1032,Martin Scorsese,Male,1942-11-17,"Queens, New York, USA"
111,1173102,Garth Davis,Male,1974-01-01,Australia
112,115174,Daniel Ribeiro,Male,1982-05-20,"San Paolo, San Paolo, Brasile"
113,240,Stanley Kubrick,Male,1928-07-26,"Manhattan, New York, USA"
114,2746,Elia Kazan,Male,1909-09-07,"Constantinople, Ottoman Empire"
115,68,Fritz Lang,Male,1890-12-05,"Vienna, Austria-Hungary"
116,525,Christopher Nolan,Male,1970-07-30,"London, England, UK"
117,5026,Akira Kurosawa,Male,1910-03-23,"Shinagawa, Tóquio, Japão"
118,18392,Robert Aldrich,Male,1918-08-09,"Cranston, Rhode Island, USA"
119,6648,Ingmar Bergman,Male,1918-07-14,"Uppsala, Uppsala län, Sweden"
120,608,Hayao Miyazaki,Male,1941-01-05,Tokyo
121,10517,Clyde Bruckman,Male,1894-06-30,"San Bernardino, California, USA"
122,8635,Buster Keaton,Male,1895-10-04,"Piqua, Kansas, USA"
123,83281,Lenny Abrahamson,Male,1966-11-30,"Dublin, Ireland"
124,793,Luis Buñuel,Male,1900-02-22,"Calanda, Teruel, Aragón, España"
125,13848,Charlie Chaplin,Male,1889-04-16,"Walworth, London, England, UK"
126,66121,"George Tillman, Jr.",Male,1969-01-26,"Milwaukee, Wisconsin, USA"
127,13294,Gene Kelly,Male,1912-08-23,"Pittsburgh, Pennsylvania, USA"
128,13284,Stanley Donen,Male,1924-04-13,"Columbia, South Carolina, USA"
129,4109,Michael Curtiz,Male,1886-12-24,"Budapest, Austria-Hungary [now Hungary]"
130,8,Lee Unkrich,Male,1967-08-08,"Cleveland, Ohio, USA"
131,4415,Federico Fellini,Male,1920-01-20,"Rimini, Emilia-Romagna, Italy"
132,1032,Martin Scorsese,Male,1942-11-17,"Queens, New York, USA"
133,1150,Brian De Palma,Male,1940-09-11,"Newark, New Jersey, USA"
134,20640,Chen Kaige,Male,1952-08-12,"Beijing, China"
135,55789,Tate Taylor,Male,1969-06-03,"Jackson, Mississippi USA"
136,138,Quentin Tarantino,Male,1963-03-27,"Knoxville, Tennessee, USA"
137,578,Ridley Scott,Male,1937-11-30,"South Shields, County Durham, England, UK"
138,40,Orson Welles,Male,1915-05-06,"Kenosha, Wisconsin, USA"
139,11218,Alfonso Cuarón,Male,1961-11-28,"Mexico City, Mexico"
140,1650,François Truffaut,Male,1932-02-06,"Paris, France"
141,4610,John Landis,Male,1950-08-03,"Chicago, Illinois, USA"
142,4762,Paul Thomas Anderson,Male,1970-06-26,"Studio City, California, USA"
143,77965,Morten Tyldum,Male,1967-05-19,"Bergen, Norvegia"
144,15378,Carol Reed,Male,1906-12-30,"Putney, London, England, UK"
145,21684,Bong Joon-ho,Male,1969-09-14,"Daegu, South Korea"
146,240,Stanley Kubrick,Male,1928-07-26,"Manhattan, New York, USA"
147,5026,Akira Kurosawa,Male,1910-03-23,"Shinagawa, Tóquio, Japão"
148,488,Steven Spielberg,Male,1946-12-18,Cincinnati - Ohio - USA
149,12453,Wong Kar-wai,Male,1956-07-17,"Shanghai, China"
150,6593,John Huston,Male,1906-08-05,"Nevada, Missouri, USA"
151,108536,Lee Hae-jun,Male,1973-08-18,"Seoul, South Korea"
152,1032,Martin Scorsese,Male,1942-11-17,"Queens, New York, USA"
153,11343,David Yates,Male,1963-11-30,"St. Helens, Merseyside, England, UK"
154,31894,Ettore Scola,Male,1931-05-10,Trevico - Campania - Italy
155,9340,Lana Wachowski,Female,1965-06-21,"Chicago, Illinois, USA"
156,9339,Lilly Wachowski,Female,1967-12-29,"Chicago, Illinois, United States"
157,201,Michel Gondry,Male,1963-05-08,"Versailles, France"
158,5026,Akira Kurosawa,Male,1910-03-23,"Shinagawa, Tóquio, Japão"
159,13848,Charlie Chaplin,Male,1889-04-16,"Walworth, London, England, UK"
160,5026,Akira Kurosawa,Male,1910-03-23,"Shinagawa, Tóquio, Japão"
161,9956,Chris Marker,Male,1921-07-29,"Neuilly-sur-Seine, Hauts-de-Seine, Île-de-France, France"
162,8193,Florian Henckel von Donnersmarck,Male,1973-05-02,"Cologne, Germany"
163,8482,Robert Mulligan,Male,1925-08-23,"The Bronx, New York City, New York,"
164,4410,Roberto Rossellini,Male,1906-05-08,"Rome, Italy"
165,5216,Gus Van Sant,Male,1952-07-24,"Louisville, Kentucky, USA"
166,9577,George Roy Hill,Male,1921-12-20,"New York City, New York, USA"
167,2559,Henri-Georges Clouzot,Male,1907-11-20,"Niort, Deux-Sèvres, Poitou-Charentes, France"
168,2461,Mel Gibson,Male,1956-01-03,"Peekskill, New York, USA"
169,5231,Wolfgang Petersen,Male,1941-03-14,"Emden, Germany"
170,578,Ridley Scott,Male,1937-11-30,"South Shields, County Durham, England, UK"
171,2303,Wim Wenders,Male,1945-08-14,"Düsseldorf, North Rhine-Westphalia, Germany"
172,137427,Denis Villeneuve,Male,1967-10-03,Trois-Rivières - Québec - Canada
173,8452,Andrei Tarkovsky,Male,1932-04-04,Yuryevetsky District
174,4453,Thomas Vinterberg,Male,1969-05-19,"Frederiksberg, Denmark"
175,1126,Krzysztof Kieślowski,Male,1941-06-27,"Warsaw, Mazowieckie, Poland."
176,10346,Robert Bresson,Male,1901-09-25,"Bromont-Lamothe, Puy-de-Dôme, Auvergne, France"
177,510,Tim Burton,Male,1958-08-25,"Burbank, California, USA"
178,240,Stanley Kubrick,Male,1928-07-26,"Manhattan, New York, USA"
179,4081,Stanley Kramer,Male,1913-09-29,"Brooklyn, New York, United States"
180,5655,Wes Anderson,Male,1969-05-01,"Houston, Texas, USA"
181,12453,Wong Kar-wai,Male,1956-07-17,"Shanghai, China"
182,8452,Andrei Tarkovsky,Male,1932-04-04,Yuryevetsky District
183,5602,David Lynch,Male,1946-01-20,"Missoula, Montana, USA"
184,6431,Darren Aronofsky,Male,1969-02-12,"Brooklyn, New York, USA"
185,2636,Alfred Hitchcock,Male,1899-08-13,Leytonstone - London - England
186,81718,Mamoru Hosoda,Male,1967-09-19,"Nakaniikawa District, Toyama, Japan"
187,109314,Don Hertzfeldt,Male,1976-08-01,"Fremont, California, USA"
188,52576,José Padilha,Male,1967-08-01,"Rio de Janeiro, Rio de Janeiro, Brazil"
189,39,Sam Mendes,Male,1965-08-01,"Reading, Berkshire, England, UK"
190,14606,Albert Dupontel,Male,1964-01-11,"Saint-Germain-en-Laye, Yvelines, France"
191,2690,Peter Weir,Male,1944-08-21,"Sydney, New South Wales, Australia"
192,11523,Georges Méliès,Male,1861-12-08,"Paris, France"
193,2636,Alfred Hitchcock,Male,1899-08-13,Leytonstone - London - England
194,4415,Federico Fellini,Male,1920-01-20,"Rimini, Emilia-Romagna, Italy"
195,3776,Jean-Luc Godard,Male,1930-12-03,"Paris, France"
196,9168,Alan Parker,Male,1944-02-14,"Islington, London, England, UK"
197,10921,Charles Laughton,Male,1899-07-01,"Scarborough, North Riding of Yorkshire, England, UK"
198,2406,Mathieu Kassovitz,Male,1967-08-03,"Paris, France"
199,3974,Miloš Forman,Male,1932-02-18,"Čáslav, Československo"
200,9076,F.W. Murnau,Male,1888-12-28,"Bielefeld, North-Rhine-Westphalia, Germany"
201,12114,Michael Cimino,Male,1939-02-03,"New York City, New York, USA"
202,45117,John Carney,Male,1972-01-01,"Dublin, Ireland"
203,137427,Denis Villeneuve,Male,1967-10-03,Trois-Rivières - Québec - Canada
204,550280,Anna Muylaert,Female,1964-04-21,"San Paolo, San Paolo, Brasile"
205,120025,Giacomo Poretti,Male,1956-04-26,"Villa Cortese, Italy"
206,120020,Giovanni Storti,Male,1957-02-20,"Milano, Italy"
207,120019,Aldo Baglio,Male,1958-09-28,"Palermo, Italy"
208,138,Quentin Tarantino,Male,1963-03-27,"Knoxville, Tennessee, USA"
209,8574,Walter Salles,Male,1956-04-12,"Rio de Janeiro, Rio de Janeiro, Brazil"
210,90694,Gillo Pontecorvo,Male,1919-11-19,"Pisa, Italy"
211,5342,Mike Nichols,Male,1931-11-06,"Berlin, Germany"
212,3831,Jean-Pierre Melville,Male,1917-10-20,"Paris, France"
213,12238,David Lean,Male,1908-03-25,"Croydon, Surrey, England, UK"
214,14227,Jules Dassin,Male,1911-12-18,"Middletown, Connecticut, USA"
215,13265,Franklin J. Schaffner,Male,1920-05-30,"Tokyo, Japan"
216,19800,Richard Marquand,Male,1937-09-22,"Cardiff, Wales, UK"
217,2662,Frank Capra,Male,1897-05-18,"Bisacquino, Sicilia, Italia"
218,1128442,Deniz Gamze Ergüven,Female,1978-06-04,"Ankara, Turchia"
219,3146,Billy Wilder,Male,1906-06-22,"Sucha, Galicia, Austria-Hungary"
220,52779,Ryan Murphy,Male,1965-11-30,"Indianapolis, Indiana, USA"
221,5306,Lasse Hallström,Male,1946-06-02,"Stockholm, Sweden"
222,17387,Robin Campillo,Male,1962-08-16,"Mohammedia, Morocco"
223,2636,Alfred Hitchcock,Male,1899-08-13,Leytonstone - London - England
224,4385,Sergio Leone,Male,1929-01-03,"Rome, Italy"
225,2559,Henri-Georges Clouzot,Male,1907-11-20,"Niort, Deux-Sèvres, Poitou-Charentes, France"
226,12890,Pete Docter,Male,1968-10-09,"Bloomington, Minnesota, USA"
227,7,Andrew Stanton,Male,1965-12-03,"Boston, Massachusetts, USA"
228,52763,Aamir Khan,Male,1965-03-14,"Mumbai, Maharashtra, India"
229,11154,Matt Ross,Male,1970-01-03,Greenwich - Connecticut - USA
230,607,Zhang Yimou,Male,1951-11-14,"Xi'an, Shaanxi, China"
231,25645,Hirokazu Kore-eda,Male,1962-06-06,"Tokyo, Japan"
232,11770,John Carpenter,Male,1948-01-16,"Carthage, New York, USA"
233,240,Stanley Kubrick,Male,1928-07-26,"Manhattan, New York, USA"
234,6648,Ingmar Bergman,Male,1918-07-14,"Uppsala, Uppsala län, Sweden"
235,2034,Danny Boyle,Male,1956-10-20,"Manchester, England, UK"
236,69371,Jean-Marc Vallée,Male,1963-03-09,"Montreal, Quebec, Canada"
237,3831,Jean-Pierre Melville,Male,1917-10-20,"Paris, France"
238,1032,Martin Scorsese,Male,1942-11-17,"Queens, New York, USA"
239,608,Hayao Miyazaki,Male,1941-01-05,Tokyo
240,39996,Sidney Lumet,Male,1924-06-25,"Philadelphia, Pennsylvania, USA"
241,13848,Charlie Chaplin,Male,1889-04-16,"Walworth, London, England, UK"
242,8500,John Ford,Male,1894-02-01,"Cape Elizabeth, Maine, USA"
243,5026,Akira Kurosawa,Male,1910-03-23,"Shinagawa, Tóquio, Japão"
244,1032,Martin Scorsese,Male,1942-11-17,"Queens, New York, USA"
245,107490,Jaco Van Dormael,Male,1957-02-09,"Ixelles, Brabant, Belgium"
246,14520,John Sturges,Male,1910-01-03,"Oak Park, Illinois, USA"
247,72757,Steve McQueen,Male,1969-10-09,"London, England, UK"
248,76998,James Marsh,Male,1963-04-30,"Truro, Cornwall, England, UK"
249,956,Guy Ritchie,Male,1968-09-10,"Hatfield, Hertfordshire, England, UK"
250,52968,Russell Mulcahy,Male,1953-06-23,"Melbourne, Victoria, Australia"
251,40333,Satoshi Kon,Male,1963-10-12,"Kushiro, Hokkaidō, Japan"
252,25735,Christian Duguay,Male,1957-01-01,"Outremont, Québec, Canada"
253,578,Ridley Scott,Male,1937-11-30,"South Shields, County Durham, England, UK"
254,28898,Michael Radford,Male,1946-02-24,"New Delhi, India"
255,4415,Federico Fellini,Male,1920-01-20,"Rimini, Emilia-Romagna, Italy"
256,8452,Andrei Tarkovsky,Male,1932-04-04,Yuryevetsky District
257,84714,Juan José Campanella,Male,1959-07-19,"Buenos Aires, Argentina"
258,96677,Nora Twomey,Female,1971-10-31,"Cork City, Ireland"
259,3556,Roman Polański,Male,1933-08-18,"Paris, France"
260,834,Otto Preminger,Male,1906-12-05,"Wiznitz, Bukovina, Austria-Hungary"
261,190,Clint Eastwood,Male,1930-05-31,"San Francisco, California, USA"
262,225160,Paolo Genovese,Male,1966-08-20,"Rome, Italy"
263,185,Katsuhiro Otomo,Male,1954-04-14,"Miyagi Prefecture, Japan"
264,87742,Marc Webb,Male,1974-08-31,"Bloomington, Indiana, USA"
265,110695,Majid Majidi,Male,1959-04-17,"Tehran, Iran"
266,138,Quentin Tarantino,Male,1963-03-27,"Knoxville, Tennessee, USA"
267,1032,Martin Scorsese,Male,1942-11-17,"Queens, New York, USA"
268,190,Clint Eastwood,Male,1930-05-31,"San Francisco, California, USA"
269,12180,Mamoru Oshii,Male,1951-08-08,"Tokyo Prefecture, Japan"
270,10001,William Wyler,Male,1902-07-01,"Mülhausen, Alsace, Germany [now Mulhouse, Haut-Rhin, France]"
271,2636,Alfred Hitchcock,Male,1899-08-13,Leytonstone - London - England
272,14639,Mel Brooks,Male,1926-06-28,"Brooklyn, New York, USA"
273,11218,Alfonso Cuarón,Male,1961-11-28,"Mexico City, Mexico"
274,138,Quentin Tarantino,Male,1963-03-27,"Knoxville, Tennessee, USA"
275,11983,Alain Resnais,Male,1922-06-03,"Vannes, Morbihan, Bretagne, France"
276,6648,Ingmar Bergman,Male,1918-07-14,"Uppsala, Uppsala län, Sweden"
277,15218,James Gunn,Male,1966-08-05,"St. Louis, Missouri, USA"
278,2419,Jean-Pierre Jeunet,Male,1953-09-03,"Roanne, Loire, France"
279,229931,Asghar Farhadi,Male,1972-05-07,"Homāyūnshahr, Isfahan,Iran"
280,95768,Kunio Katou,Male,1977-01-01,"Kagoshima Prefecture, Japan"
281,190,Clint Eastwood,Male,1930-05-31,"San Francisco, California, USA"
282,42,Lars von Trier,Male,1956-04-30,"Kongens Lyngby, Denmark"
283,11195,Gérard Oury,Male,1919-04-29,"Paris, France"
284,56198,Ari Folman,Male,1962-12-17,"Israel Haifa, Israel"
285,39012,Peter Bogdanovich,Male,1939-07-30,"Kingston, New York, USA"
286,1650,François Truffaut,Male,1932-02-06,"Paris, France"
287,7879,John Lasseter,Male,1957-01-12,"Hollywood, California, USA"
288,76936,Yojiro Takita,Male,1955-12-04,"Toyama, Japan"
289,2710,James Cameron,Male,1954-08-16,"Kapuskasing, Ontario, Canada"
290,20659,Marjane Satrapi,Female,1969-11-22,"Rasht, Iran"
291,4818,Roberto Benigni,Male,1952-10-27,"Manciano La Misericordia, Castiglion Fiorentino, Arezzo, Italia"
292,8452,Andrei Tarkovsky,Male,1932-04-04,Yuryevetsky District
293,7467,David Fincher,Male,1962-08-28,"Denver, Colorado, USA"
294,36588,Joe Wright,Male,1972-08-25,"London, England, UK"
295,2428,Ernst Lubitsch,Male,1892-01-28,"Berlin, Germany"
296,136495,Damien Chazelle,Male,1985-01-19,"Providence, Rhode Island, USA"
297,12890,Pete Docter,Male,1968-10-09,"Bloomington, Minnesota, USA"
298,4415,Federico Fellini,Male,1920-01-20,"Rimini, Emilia-Romagna, Italy"
299,12238,David Lean,Male,1908-03-25,"Croydon, Surrey, England, UK"
300,5763,Jacques Tati,Male,1907-10-09,"Le Pecq, Yvelines, France"
301,53334,Jim Sheridan,Male,1949-02-06,"Dublin, Ireland"
302,11435,Howard Hawks,Male,1896-05-30,"Goshen, Indiana, USA"
303,40333,Satoshi Kon,Male,1963-10-12,"Kushiro, Hokkaidō, Japan"
304,5655,Wes Anderson,Male,1969-05-01,"Houston, Texas, USA"
305,793,Luis Buñuel,Male,1900-02-22,"Calanda, Teruel, Aragón, España"
306,4955,Dario Argento,Male,1940-09-07,"Roma, Lazio, Italia"
307,3026,Rob Reiner,Male,1947-03-06,"The Bronx, New York, USA"
308,1223,Joel Coen,Male,1954-11-29,"St Louis Park, Minnesota, USA"
309,11266,James McTeigue,Male,1967-12-29,"Sydney, Australia"
310,488,Steven Spielberg,Male,1946-12-18,Cincinnati - Ohio - USA
311,9049,Victor Fleming,Male,1889-02-23,"La Cañada, California, USA"
312,11614,M. Night Shyamalan,Male,1970-08-06,"Mahé, Puducherry, India"
313,2636,Alfred Hitchcock,Male,1899-08-13,Leytonstone - London - England
314,1224,Ethan Coen,Male,1957-09-21,"Minneapolis, Minnesota, USA"
315,1223,Joel Coen,Male,1954-11-29,"St Louis Park, Minnesota, USA"
316,2428,Ernst Lubitsch,Male,1892-01-28,"Berlin, Germany"
317,8823,Raoul Walsh,Male,1887-03-11,"New York City, New York, USA"
318,7018,Richard Curtis,Male,1956-11-08,New Zealand
319,5953,Spike Jonze,Male,1969-10-22,"Rockville, Maryland, USA"
320,20646,Gabriele Muccino,Male,1967-05-20,"Rome, Italy"
321,7930,Jan Pinkava,Male,1963-06-21,"Prague, Czechoslovakia"
322,2710,James Cameron,Male,1954-08-16,"Kapuskasing, Ontario, Canada"
323,2461,Mel Gibson,Male,1956-01-03,"Peekskill, New York, USA"
324,5026,Akira Kurosawa,Male,1910-03-23,"Shinagawa, Tóquio, Japão"
325,488,Steven Spielberg,Male,1946-12-18,Cincinnati - Ohio - USA
326,144476,Hiromasa Yonebayashi,Male,1973-07-10,"Ishikawa Prefecture, Japan"
327,66190,Tony Bancroft,Male,1967-01-01,California - USA
328,608,Hayao Miyazaki,Male,1941-01-05,Tokyo
329,65314,Giuseppe Tornatore,Male,1956-05-27,"Bagheria, Sicilia, Italia"
330,1243,Woody Allen,Male,1935-12-01,"The Bronx, New York City, New York, USA"
331,21198,Peter Sohn,Male,1975-06-21,"Bronx, New York, USA"
332,11151,Nick Cassavetes,Male,1959-05-21,"New York City, New York, USA"
333,10707,Terry Jones,Male,1942-02-01,"Colwyn Bay, Wales, UK"
334,280,Terry Gilliam,Male,1940-11-22,"Minneapolis, Minnesota, USA"
335,13776,John Frankenheimer,Male,1930-02-19,"New York City, New York, USA"
336,12238,David Lean,Male,1908-03-25,"Croydon, Surrey, England, UK"
337,2228,Sean Penn,Male,1960-08-17,"Santa Monica, California, USA"
338,2991,Robert Wiene,Male,1873-04-27,"Breslau, Silesia, Germany [now Wroclaw, Dolnoslaskie, Poland]"
339,6593,John Huston,Male,1906-08-05,"Nevada, Missouri, USA"
340,64210,Maïwenn,Female,1976-04-17,"Les Lilas, Seine-Saint-Denis, France"
341,1188,Kim Ki-duk,Male,1960-12-20,"Bonghwa, South Korea"
342,1223,Joel Coen,Male,1954-11-29,"St Louis Park, Minnesota, USA"
343,2662,Frank Capra,Male,1897-05-18,"Bisacquino, Sicilia, Italia"
344,68,Fritz Lang,Male,1890-12-05,"Vienna, Austria-Hungary"
345,1150,Brian De Palma,Male,1940-09-11,"Newark, New Jersey, USA"
346,2303,Wim Wenders,Male,1945-08-14,"Düsseldorf, North Rhine-Westphalia, Germany"
347,1650,François Truffaut,Male,1932-02-06,"Paris, France"
348,4385,Sergio Leone,Male,1929-01-03,"Rome, Italy"
349,488,Steven Spielberg,Male,1946-12-18,Cincinnati - Ohio - USA
350,13859,Stuart Rosenberg,Male,1927-08-11,"Brooklyn, New York City, New York, USA"
351,564,Richard Linklater,Male,1960-07-30,"Houston, Texas, USA"
352,18563,Georges Lautner,Male,1926-01-24,"Nice, Alpes-Maritimes, Provence-Alpes-Côte d'Azur, France"
353,14875,Robert Rossen,Male,1908-03-16,"New York City, New York, USA"
354,11505,John Hughes,Male,1950-02-18,"Lansing, Michigan, USA"
355,1144604,Destin Cretton,Male,1978-11-23,"Hawaii, USA"
356,488,Steven Spielberg,Male,1946-12-18,Cincinnati - Ohio - USA
357,3556,Roman Polański,Male,1933-08-18,"Paris, France"
358,68424,Michael Powell,Male,1905-09-30,"Bekesbourne, Kent, England"
359,37846,Emeric Pressburger,Male,1902-12-05,"Miskolc, Hungary"
360,1577,Richard Kelly,Male,1975-03-28,"Newport News, Virginia, USA"
361,6159,Ron Howard,Male,1954-03-01,"Duncan, Oklahoma, USA"
362,2746,Elia Kazan,Male,1909-09-07,"Constantinople, Ottoman Empire"
363,11528,Jean Renoir,Male,1894-09-15,"Paris, France"
364,8843,Mick Jackson,Male,1943-10-04,"Aveley, Essex, England, UK"
365,555254,Yoshifumi Kondou,Male,1950-03-31,"Gosen, Niigata Prefecture, Japan"
366,20718,Claude Berri,Male,1934-07-01,"Paris, France"
367,92733,Adam Elliot,Male,1972-01-02,"Berwick, Victoria, Australia"
368,77921,Hideaki Anno,Male,1960-05-22,"Ube, Yamaguchi, Japan"
369,77923,Kazuya Tsurumaki,Male,1966-02-02,"Gosen, Niigata Prefecture, Japan"
370,33064,Henry Koster,Male,1905-05-01,"Berlin, Germany"
371,6648,Ingmar Bergman,Male,1918-07-14,"Uppsala, Uppsala län, Sweden"
372,7832,Oliver Hirschbiegel,Male,1957-12-29,"Hamburg, Germany"
373,239672,Felix van Groeningen,Male,1977-11-01,"Ghent, Belgium, EU"
374,39012,Peter Bogdanovich,Male,1939-07-30,"Kingston, New York, USA"
375,1188,Kim Ki-duk,Male,1960-12-20,"Bonghwa, South Korea"
376,638,Michael Mann,Male,1943-02-05,"Chicago, Illinois, USA"
377,1243,Woody Allen,Male,1935-12-01,"The Bronx, New York City, New York, USA"
378,55934,Taika Waititi,Male,1975-08-16,"Wellington, New Zealand"
379,70864,Robert Hamer,Male,1911-03-31,"Kidderminster, Worcestershire, England, UK"
380,5602,David Lynch,Male,1946-01-20,"Missoula, Montana, USA"
381,3146,Billy Wilder,Male,1906-06-22,"Sucha, Galicia, Austria-Hungary"
382,138,Quentin Tarantino,Male,1963-03-27,"Knoxville, Tennessee, USA"
383,7087,Brad Bird,Male,1957-09-11,"Kalispell, Montana, USA"
384,35736,Karan Johar,Male,1972-05-25,"Mumbai, Maharashtra, India"
385,63973,Matteo Garrone,Male,1968-10-15,"Rome, Italy"
386,75915,Na Hong-jin,Male,1974-01-01,"Seul, Corea del Sud"
387,5281,Spike Lee,Male,1957-03-20,"Atlanta, Georgia, USA"
388,1496,Tod Browning,Male,1880-07-12,"Louisville, Kentucky, USA"
389,30249,Preston Sturges,Male,1898-08-29,"Chicago, Illinois, USA"
390,10965,Chris Columbus,Male,1958-09-10,"Spangler, Pennsylvania, USA"
391,1119418,Hugo Gélin,Male,1980-05-08,"Parigi, Francia"
392,4956,Bernardo Bertolucci,Male,1940-03-16,"Parma, Emilia-Romagna, Italia"
393,1269,Kevin Costner,Male,1955-01-18,"Lynwood, California, USA"
394,81718,Mamoru Hosoda,Male,1967-09-19,"Nakaniikawa District, Toyama, Japan"
395,1126,Krzysztof Kieślowski,Male,1941-06-27,"Warsaw, Mazowieckie, Poland."
396,42,Lars von Trier,Male,1956-04-30,"Kongens Lyngby, Denmark"
397,38507,Francis Veber,Male,1937-07-28,"Neuilly-sur-Seine, Hauts-de-Seine, France"
398,2636,Alfred Hitchcock,Male,1899-08-13,Leytonstone - London - England
399,10601,Joseph L. Mankiewicz,Male,1909-02-11,"Wilkes-Barre, Pennsylvania, USA"
400,3776,Jean-Luc Godard,Male,1930-12-03,"Paris, France"
401,15254,Emir Kusturica,Male,1954-11-24,"Sarajevo, Bosnia and Herzegovina"
402,56194,Paolo Sorrentino,Male,1970-05-31,Napoli (Italy)
403,57646,Henry Selick,Male,1952-11-30,"Glen Ridge, New Jersey, USA"
404,13284,Stanley Donen,Male,1924-04-13,"Columbia, South Carolina, USA"
405,143593,Xavier Dolan,Male,1989-03-20,"Montréal, Québec, Canada"
406,10707,Terry Jones,Male,1942-02-01,"Colwyn Bay, Wales, UK"
407,39996,Sidney Lumet,Male,1924-06-25,"Philadelphia, Pennsylvania, USA"
408,13563,Norman Jewison,Male,1926-07-21,"Toronto, Ontario, Canada"
409,588869,Claude Barras,Male,1973-01-19,"Sierre, Switzerland"
410,77003,Gavin O'Connor,Male,1964-01-01,"Long Island, New York, USA"
411,14674,George Cukor,Male,1899-07-07,"Lower East Side, Manhattan, New York City, New York, USA"
412,11401,John Woo,Male,1946-09-22,"Guangzhou, China"
413,70238,Chris Williams,Male,1967-11-02,"Missouri, USA"
414,227439,Don Hall,Male,1969-01-01,"Glenwood, Iowa, USA"
415,11528,Jean Renoir,Male,1894-09-15,"Paris, France"
416,10723,Mike Newell,Male,1942-03-28,"St. Albans, Hertfordshire, England, UK"
417,11037,Lukas Moodysson,Male,1969-01-17,"Lund, Skåne County, Sweden"
418,7,Andrew Stanton,Male,1965-12-03,"Boston, Massachusetts, USA"
419,608,Hayao Miyazaki,Male,1941-01-05,Tokyo
420,8500,John Ford,Male,1894-02-01,"Cape Elizabeth, Maine, USA"
421,3632,Richard Brooks,Male,1912-05-18,"Philadelphia, Pennsylvania, U.S."
422,323,Curtis Hanson,Male,1945-03-24,"Reno, Nevada, USA"
423,65994,Andrew Lau,Male,1960-04-04,Hong Kong
424,19311,Stephen Chbosky,Male,1970-01-25,"Pittsburgh, Pennsylvania, United States"
425,4453,Thomas Vinterberg,Male,1969-05-19,"Frederiksberg, Denmark"
426,40,Orson Welles,Male,1915-05-06,"Kenosha, Wisconsin, USA"
427,1243,Woody Allen,Male,1935-12-01,"The Bronx, New York City, New York, USA"
428,2710,James Cameron,Male,1954-08-16,"Kapuskasing, Ontario, Canada"
429,10001,William Wyler,Male,1902-07-01,"Mülhausen, Alsace, Germany [now Mulhouse, Haut-Rhin, France]"
430,488,Steven Spielberg,Male,1946-12-18,Cincinnati - Ohio - USA
431,4385,Sergio Leone,Male,1929-01-03,"Rome, Italy"
432,10099,Park Chan-wook,Male,1963-08-23,"Seoul, South Korea"
433,366,James Mangold,Male,1963-12-16,"New York City, New York, USA"
434,40333,Satoshi Kon,Male,1963-10-12,"Kushiro, Hokkaidō, Japan"
435,55934,Taika Waititi,Male,1975-08-16,"Wellington, New Zealand"
436,956,Guy Ritchie,Male,1968-09-10,"Hatfield, Hertfordshire, England, UK"
437,608,Hayao Miyazaki,Male,1941-01-05,Tokyo
438,4964,Hal Ashby,Male,1929-09-02,"Ogden, Utah, USA"
439,1614,Ang Lee,Male,1954-10-23,"Chaojhou, Pingtung, Taiwan"
440,510,Tim Burton,Male,1958-08-25,"Burbank, California, USA"
441,13563,Norman Jewison,Male,1926-07-21,"Toronto, Ontario, Canada"
442,6648,Ingmar Bergman,Male,1918-07-14,"Uppsala, Uppsala län, Sweden"
443,1150,Brian De Palma,Male,1940-09-11,"Newark, New Jersey, USA"
444,14566,Alexander Mackendrick,Male,1912-09-08,"Boston, Massachusetts, USA"
445,18250,Jon Avnet,Male,1949-11-17,"Brooklyn, New York, USA"
446,240,Stanley Kubrick,Male,1928-07-26,"Manhattan, New York, USA"
447,14911,Penny Marshall,Female,1943-10-15,"The Bronx, New York City, New York, USA"
448,5602,David Lynch,Male,1946-01-20,"Missoula, Montana, USA"
449,32134,Charles Vidor,Male,1900-07-27,"Budapest, Austria-Hungary [now Hungary]"
450,3776,Jean-Luc Godard,Male,1930-12-03,"Paris, France"
451,6011,Michael Haneke,Male,1942-03-23,"Munich, Bavaria, Germany"
452,190,Clint Eastwood,Male,1930-05-31,"San Francisco, California, USA"
453,76462,Richard Schenkman,Male,1958-03-06,"New York City, New York, U.S."
454,102560,Guel Arraes,Male,1953-12-12,"Recife, Pernambuco, Brazil"
455,15254,Emir Kusturica,Male,1954-11-24,"Sarajevo, Bosnia and Herzegovina"
456,12890,Pete Docter,Male,1968-10-09,"Bloomington, Minnesota, USA"
457,3556,Roman Polański,Male,1933-08-18,"Paris, France"
458,52576,José Padilha,Male,1967-08-01,"Rio de Janeiro, Rio de Janeiro, Brazil"
459,2163,Richard LaGravenese,Male,1959-10-30,"Brooklyn, New York, USA"
460,53334,Jim Sheridan,Male,1949-02-06,"Dublin, Ireland"
461,56194,Paolo Sorrentino,Male,1970-05-31,Napoli (Italy)
462,608,Hayao Miyazaki,Male,1941-01-05,Tokyo
463,70500,Tom Hooper,Male,1972-10-05,"London, England, UK"
464,1927,Blake Edwards,Male,1922-07-26,"Tulsa, Oklahoma, USA"
465,165787,Rich Moore,Male,1963-05-10,"Oxnard, California, USA"
466,76595,Byron Howard,Male,1968-12-26,"Misawa, Japan"
467,2034,Danny Boyle,Male,1956-10-20,"Manchester, England, UK"
468,9076,F.W. Murnau,Male,1888-12-28,"Bielefeld, North-Rhine-Westphalia, Germany"
469,122785,Ciro Guerra,Male,1981-02-06,"Río de Oro, Colombia"
470,16294,Jonathan Demme,Male,1944-02-22,"Baldwin, Long Island, New York, USA"
471,4610,John Landis,Male,1950-08-03,"Chicago, Illinois, USA"
472,8246,Barry Levinson,Male,1942-04-06,"Baltimore, Maryland, U.S."
473,6349,Alan J. Pakula,Male,1928-04-07,"The Bronx, New York City, New York, USA"
474,10723,Mike Newell,Male,1942-03-28,"St. Albans, Hertfordshire, England, UK"
475,11343,David Yates,Male,1963-11-30,"St. Helens, Merseyside, England, UK"
476,62048,Kirk Wise,Male,1958-11-09,"San Francisco, California, USA"
477,62047,Gary Trousdale,Male,1960-06-08,"La Crescenta, California, USA"
478,8,Lee Unkrich,Male,1967-08-08,"Cleveland, Ohio, USA"
479,56214,Nuri Bilge Ceylan,Male,1959-01-26,"Istanbul, Turkey"
480,12453,Wong Kar-wai,Male,1956-07-17,"Shanghai, China"
481,40,Orson Welles,Male,1915-05-06,"Kenosha, Wisconsin, USA"
482,10001,William Wyler,Male,1902-07-01,"Mülhausen, Alsace, Germany [now Mulhouse, Haut-Rhin, France]"
483,1333461,Kheiron,Male,1982-11-21,"Tehran, Iran"
484,20028,Danis Tanović,Male,1969-02-20,"Zenica, Bosnia and Herzegovina, Yugoslavia (now Zenica, Bosnia and Herzegovina)"
485,8500,John Ford,Male,1894-02-01,"Cape Elizabeth, Maine, USA"
486,6818,Werner Herzog,Male,1942-09-05,"Munich, Germany"
487,564,Richard Linklater,Male,1960-07-30,"Houston, Texas, USA"
488,223,Alejandro González Iñárritu,Male,1963-08-15,"Mexico City, Distrito Federal, Mexico"
489,1362698,Tomohiko Itou,Male,1978-10-20,"Kasugai, Aichi Prefecture, Japan"
490,15189,Michelangelo Antonioni,Male,1912-09-29,"Ferrara, Emilia-Romagna, Italy"
491,6159,Ron Howard,Male,1954-03-01,"Duncan, Oklahoma, USA"
492,4964,Hal Ashby,Male,1929-09-02,"Ogden, Utah, USA"
493,14597,Gaspar Noé,Male,1963-12-27,"Buenos Aires, Argentina"
494,9168,Alan Parker,Male,1944-02-14,"Islington, London, England, UK"
495,4081,Stanley Kramer,Male,1913-09-29,"Brooklyn, New York, United States"
496,3026,Rob Reiner,Male,1947-03-06,"The Bronx, New York, USA"
497,4065,Fred Zinnemann,Male,1907-04-29,"Rzeszów, Galicia, Austria-Hungary"
498,8500,John Ford,Male,1894-02-01,"Cape Elizabeth, Maine, USA"
499,1273262,Zaza Urushadze,Male,1965-10-30,"Tbilisi, Georgia"
500,939147,Yeon Sang-ho,Male,1978-01-01,"Seoul, South Korea"
501,56512,Tarsem Singh,Male,1961-05-06,India
502,15389,Louis Malle,Male,1932-10-30,"Thumeries, Nord, France"
503,18392,Robert Aldrich,Male,1918-08-09,"Cranston, Rhode Island, USA"
504,69300,Gene Saks,Male,1921-11-08,"New York City, New York, USA"
505,10146,Jacques Tourneur,Male,1904-11-12,"Paris, France"
506,69797,Dean DeBlois,Male,1970-06-07,"Aylmer, Quebec"
507,66193,Chris Sanders,Male,1960-03-15,"Colorado, USA"
508,525,Christopher Nolan,Male,1970-07-30,"London, England, UK"
509,10828,Guillermo del Toro,Male,1964-10-09,"Guadalajara, Jalisco, Mexico"
510,232959,Baran bo Odar,Male,1978-04-18,"Olten, Switzerland"
511,1108174,Matteo Rovere,Male,1982-01-22,Roma
512,11435,Howard Hawks,Male,1896-05-30,"Goshen, Indiana, USA"
513,87429,Michel Ocelot,Male,1943-10-27,"Villefranche-sur-Mer, French Riviera, France"
514,15488,Ken Loach,Male,1936-06-17,"Nuneaton, Warwickshire, England, UK"
515,80260,René Laloux,Male,1929-07-13,Paris - France
516,11435,Howard Hawks,Male,1896-05-30,"Goshen, Indiana, USA"
517,3026,Rob Reiner,Male,1947-03-06,"The Bronx, New York, USA"
518,69081,Kim Jee-woon,Male,1964-07-06,"Seoul, South Korea"
519,10790,Sam Wood,Male,1883-07-10,"Philadelphia, Pennsylvania, USA"
520,143593,Xavier Dolan,Male,1989-03-20,"Montréal, Québec, Canada"
521,37932,F. Gary Gray,Male,1969-07-17,"New York City, New York, USA"
522,280,Terry Gilliam,Male,1940-11-22,"Minneapolis, Minnesota, USA"
523,2746,Elia Kazan,Male,1909-09-07,"Constantinople, Ottoman Empire"
524,9730,Jean Cocteau,Male,1889-07-05,"Maisons-Laffitte, France"
525,1033661,Travis Knight,Male,1973-09-13,"Hillsboro, Oregon, USA"
526,834,Otto Preminger,Male,1906-12-05,"Wiznitz, Bukovina, Austria-Hungary"
527,74907,Fabián Bielinsky,Male,1959-02-03,"Buenos Aires, Argentina"
528,7256,Lee Tamahori,Male,1950-06-17,"Wellington, New Zealand"
529,2589,Terry George,Male,1952-12-20,"Belfast, Northern Ireland, UK"
530,69371,Jean-Marc Vallée,Male,1963-03-09,"Montreal, Quebec, Canada"
531,1152,Oliver Stone,Male,1946-09-15,"New York City, New York, USA"
532,5602,David Lynch,Male,1946-01-20,"Missoula, Montana, USA"
533,20718,Claude Berri,Male,1934-07-01,"Paris, France"
534,6593,John Huston,Male,1906-08-05,"Nevada, Missouri, USA"
535,14674,George Cukor,Male,1899-07-07,"Lower East Side, Manhattan, New York City, New York, USA"
536,16513,John G. Avildsen,Male,1935-12-21,"Oak Park, Illinois, USA"
537,44554,Alain Berbérian,Male,1953-07-02,"Beyrouth, Liban"
538,1152,Oliver Stone,Male,1946-09-15,"New York City, New York, USA"
539,5655,Wes Anderson,Male,1969-05-01,"Houston, Texas, USA"
540,4762,Paul Thomas Anderson,Male,1970-06-26,"Studio City, California, USA"
541,3026,Rob Reiner,Male,1947-03-06,"The Bronx, New York, USA"
542,138,Quentin Tarantino,Male,1963-03-27,"Knoxville, Tennessee, USA"
543,488,Steven Spielberg,Male,1946-12-18,Cincinnati - Ohio - USA
544,2636,Alfred Hitchcock,Male,1899-08-13,Leytonstone - London - England
545,57113,Dan Gilroy,Male,1959-06-24,"Santa Monica, California, USA"
546,122423,Yorgos Lanthimos,Male,1973-05-27,"Athens, Greece"
547,578,Ridley Scott,Male,1937-11-30,"South Shields, County Durham, England, UK"
548,24,Robert Zemeckis,Male,1951-05-14,"Chicago, Illinois, USA"
549,3317,Takeshi Kitano,Male,1947-01-18,"Tokyo, Japan"
550,15218,James Gunn,Male,1966-08-05,"St. Louis, Missouri, USA"
551,2765,Nicholas Ray,Male,1911-08-07,"Galesville, Wisconsin, USA"
552,5342,Mike Nichols,Male,1931-11-06,"Berlin, Germany"
553,1704,Gore Verbinski,Male,1964-03-16,"Oak Ridge, Tennessee, USA"
554,3239,Ernest B. Schoedsack,Male,1893-06-08,"Council Bluffs, Iowa, USA"
555,3238,Merian C. Cooper,Male,1893-10-24,"Jacksonville, Florida, USA"
556,14999,George A. Romero,Male,1940-02-04,"New York City, New York, USA"
557,4415,Federico Fellini,Male,1920-01-20,"Rimini, Emilia-Romagna, Italy"
558,3064,Peter Mullan,Male,1959-11-02,"Peterhead, Scotland, UK"
559,10965,Chris Columbus,Male,1958-09-10,"Spangler, Pennsylvania, USA"
560,87257,Cary Joji Fukunaga,Male,1977-07-10,"Oakland, California, USA"
561,7314,Nick Park,Male,1958-12-06,"Preston, Lancashire, England"
562,147001,Enzo D'Alò,Male,1963-09-07,Napoli
563,69797,Dean DeBlois,Male,1970-06-07,"Aylmer, Quebec"
564,19272,Joe Russo,Male,1971-07-08,"Cleveland, Ohio, USA"
565,19271,Anthony Russo,Male,1970-02-03,"Cleveland, Ohio, USA"
566,957,Matthew Vaughn,Male,1971-03-07,"London, England, UK"
567,11983,Alain Resnais,Male,1922-06-03,"Vannes, Morbihan, Bretagne, France"
568,32427,W.S. Van Dyke,Male,1889-03-21,"San Diego, California, USA"
569,10001,William Wyler,Male,1902-07-01,"Mülhausen, Alsace, Germany [now Mulhouse, Haut-Rhin, France]"
570,7087,Brad Bird,Male,1957-09-11,"Kalispell, Montana, USA"
571,1051305,Oriol Paulo,Male,1975-01-01,"Barcelona, Spain"
572,5655,Wes Anderson,Male,1969-05-01,"Houston, Texas, USA"
573,1932296,Aneesh Chaganty,Male,1991-01-01,"Redmond, Washington, Stati Uniti"
574,2765,Nicholas Ray,Male,1911-08-07,"Galesville, Wisconsin, USA"
575,3831,Jean-Pierre Melville,Male,1917-10-20,"Paris, France"
576,12453,Wong Kar-wai,Male,1956-07-17,"Shanghai, China"
577,1090,John McTiernan,Male,1951-01-08,"Albany, New York, USA"
578,5306,Lasse Hallström,Male,1946-06-02,"Stockholm, Sweden"
579,63571,Wilson Yip,Male,1963-10-23,Hong Kong
580,68519,Andrey Zvyagintsev,Male,1964-02-06,"Novosibirsk, Russia"
581,70500,Tom Hooper,Male,1972-10-05,"London, England, UK"
582,510,Tim Burton,Male,1958-08-25,"Burbank, California, USA"
583,472630,Dee Rees,Female,1977-02-07,"Nashville, Tennessee, USA"
584,793,Luis Buñuel,Male,1900-02-22,"Calanda, Teruel, Aragón, España"
585,5026,Akira Kurosawa,Male,1910-03-23,"Shinagawa, Tóquio, Japão"
586,11401,John Woo,Male,1946-09-22,"Guangzhou, China"
587,608,Hayao Miyazaki,Male,1941-01-05,Tokyo
588,43993,Christophe Barratier,Male,1963-06-17,"Paris, France"
589,15389,Louis Malle,Male,1932-10-30,"Thumeries, Nord, France"
590,6448,Arthur Penn,Male,1922-09-27,"Philadelphia, Pennsylvania, United States"
591,81850,Duncan Jones,Male,1971-05-30,"Beckenham, London, England, United Kingdom"
592,67426,William Keighley,Male,1889-08-04,"Philadelphia, Pennsylvania, USA"
593,4109,Michael Curtiz,Male,1886-12-24,"Budapest, Austria-Hungary [now Hungary]"
594,37302,Georges Franju,Male,1912-04-12,"Fougères, France"
595,52038,Thomas Carter,Male,1953-07-17,"Austin, Texas, USA"
596,1849195,Luca Facchini,Male,1969-01-24,Milano
597,8636,Cecil B. DeMille,Male,1881-08-12,"Ashfield, Massachusetts, USA"
598,30715,Terrence Malick,Male,1943-11-30,"Waco, Texas, USA"
599,30715,Terrence Malick,Male,1943-11-30,"Waco, Texas, USA"
600,3776,Jean-Luc Godard,Male,1930-12-03,"Paris, France"
601,7482,Julian Schnabel,Male,1951-10-26,"Brooklyn, New York, USA"
602,564,Richard Linklater,Male,1960-07-30,"Houston, Texas, USA"
603,4065,Fred Zinnemann,Male,1907-04-29,"Rzeszów, Galicia, Austria-Hungary"
604,1844,Til Schweiger,Male,1963-12-19,"Freiburg im Breisgau, Germany"
605,11435,Howard Hawks,Male,1896-05-30,"Goshen, Indiana, USA"
606,4762,Paul Thomas Anderson,Male,1970-06-26,"Studio City, California, USA"
607,525,Christopher Nolan,Male,1970-07-30,"London, England, UK"
608,56342,Shinichiro Watanabe,Male,1965-05-24,"Kyoto, Kyoto Prefecture, Japan"
609,309,Pedro Almodóvar,Male,1949-09-24,"Calzada de Calatrava, Ciudad Real, Castilla-La Mancha, Spain"
610,1126,Krzysztof Kieślowski,Male,1941-06-27,"Warsaw, Mazowieckie, Poland."
611,1150,Brian De Palma,Male,1940-09-11,"Newark, New Jersey, USA"
612,7087,Brad Bird,Male,1957-09-11,"Kalispell, Montana, USA"
613,115128,Bo Burnham,Male,1990-08-21,"Hamilton, Massachusetts, USA"
614,68424,Michael Powell,Male,1905-09-30,"Bekesbourne, Kent, England"
615,65452,Mike Leigh,Male,1943-02-20,"Salford, Greater Manchester, England, UK"
616,6818,Werner Herzog,Male,1942-09-05,"Munich, Germany"
617,17812,Gregory Hoblit,Male,1944-11-27,Abilene - Texas - USA
618,3146,Billy Wilder,Male,1906-06-22,"Sucha, Galicia, Austria-Hungary"
619,39996,Sidney Lumet,Male,1924-06-25,"Philadelphia, Pennsylvania, USA"
620,17496,Jacques Audiard,Male,1952-04-30,"Paris, France"
621,309,Pedro Almodóvar,Male,1949-09-24,"Calzada de Calatrava, Ciudad Real, Castilla-La Mancha, Spain"
622,11343,David Yates,Male,1963-11-30,"St. Helens, Merseyside, England, UK"
623,12238,David Lean,Male,1908-03-25,"Croydon, Surrey, England, UK"
624,20739,Adam Shankman,Male,1964-11-27,"Los Angeles, California, U.S"
625,366,James Mangold,Male,1963-12-16,"New York City, New York, USA"
626,9603,Sergei M. Eisenstein,Male,1898-01-23,"Riga, Russian Empire"
627,2917,James Whale,Male,1889-07-22,"Dudley, Worcestershire, England, UK"
628,2636,Alfred Hitchcock,Male,1899-08-13,Leytonstone - London - England
629,6201,Baz Luhrmann,Male,1962-09-17,"New South Wales, Australia"
630,11505,John Hughes,Male,1950-02-18,"Lansing, Michigan, USA"
631,4956,Bernardo Bertolucci,Male,1940-03-16,"Parma, Emilia-Romagna, Italia"
632,94011,Bill Melendez,Male,1916-11-15,"Hermosillo, Sonora, Mexico"
633,7087,Brad Bird,Male,1957-09-11,"Kalispell, Montana, USA"
634,59,Luc Besson,Male,1959-03-18,"Paris, France"
635,12891,Joss Whedon,Male,1964-06-23,"New York City, New York, USA"
636,16960,Valerie Faris,Female,1958-10-20,"Los Angeles, California, USA"
637,16959,Jonathan Dayton,Male,1957-07-07,"Alameda County, California"
638,13265,Franklin J. Schaffner,Male,1920-05-30,"Tokyo, Japan"
639,45459,Mike Cahill,Male,1979-07-05,"New Haven, Connecticut, Stati Uniti"
640,11343,David Yates,Male,1963-11-30,"St. Helens, Merseyside, England, UK"
641,20646,Gabriele Muccino,Male,1967-05-20,"Rome, Italy"
642,1224031,Alfonso Gomez-Rejon,Male,1972-11-06,"Laredo, Texas, Stati Uniti"
643,54451,Brian G. Hutton,Male,1935-01-01,"New York City, New York, U.S."
644,15175,William Friedkin,Male,1935-08-29,"Chicago, Illinois, USA"
645,1243,Woody Allen,Male,1935-12-01,"The Bronx, New York City, New York, USA"
646,3317,Takeshi Kitano,Male,1947-01-18,"Tokyo, Japan"
647,11218,Alfonso Cuarón,Male,1961-11-28,"Mexico City, Mexico"
648,6593,John Huston,Male,1906-08-05,"Nevada, Missouri, USA"
649,40345,Don Bluth,Male,1937-09-13,"El Paso, Texas, USA"
650,12881,Gary Goldman,Male,1944-11-17,"Oakland, California"
651,21684,Bong Joon-ho,Male,1969-09-14,"Daegu, South Korea"
652,18738,George Stevens,Male,1904-12-18,"Oakland, California, USA"
653,1843,Thomas Jahn,Male,1965-07-09,"Hückelhoven, North Rhine-Westphalia, Germany"
654,9168,Alan Parker,Male,1944-02-14,"Islington, London, England, UK"
655,1243,Woody Allen,Male,1935-12-01,"The Bronx, New York City, New York, USA"
656,25598,Paul Greengrass,Male,1955-08-13,"Cheam, Surrey, England, UK"
657,120025,Giacomo Poretti,Male,1956-04-26,"Villa Cortese, Italy"
658,120020,Giovanni Storti,Male,1957-02-20,"Milano, Italy"
659,120019,Aldo Baglio,Male,1958-09-28,"Palermo, Italy"
660,1032,Martin Scorsese,Male,1942-11-17,"Queens, New York, USA"
661,18378,Herbert Ross,Male,1927-05-13,"Brooklyn, New York City, New York, USA"
662,25630,Jack Clayton,Male,1921-03-01,"Brighton, East Sussex, England, UK"
663,12079,Kelly Asbury,Male,1960-01-15,"Beaumont, Texas, USA"
664,1744,Robert Wise,Male,1914-09-10,"Winchester, Indiana, USA"
665,11694,Doug Liman,Male,1965-07-24,"New York City, New York, USA"
666,488,Steven Spielberg,Male,1946-12-18,Cincinnati - Ohio - USA
667,935705,Michael Dudok de Wit,Male,1953-01-01,"Netherlands, EU"
668,77921,Hideaki Anno,Male,1960-05-22,"Ube, Yamaguchi, Japan"
669,77923,Kazuya Tsurumaki,Male,1966-02-02,"Gosen, Niigata Prefecture, Japan"
670,5602,David Lynch,Male,1946-01-20,"Missoula, Montana, USA"
671,4956,Bernardo Bertolucci,Male,1940-03-16,"Parma, Emilia-Romagna, Italia"
672,15663,Joseph Sargent,Male,1925-07-22,"Jersey City, New Jersey, USA"
673,52961,Dennis Gansel,Male,1973-10-04,"Hannover, Germania"
674,769,Martin Brest,Male,1951-08-08,"The Bronx, New York City, New York"
675,24,Robert Zemeckis,Male,1951-05-14,"Chicago, Illinois, USA"
676,9577,George Roy Hill,Male,1921-12-20,"New York City, New York, USA"
677,4955,Dario Argento,Male,1940-09-07,"Roma, Lazio, Italia"
678,7623,Sam Raimi,Male,1959-10-23,"Royal Oak, Michigan, USA"
679,5834,Robert Stevenson,Male,1905-03-31,"Buxton, Derbyshire, England, UK"
680,19304,John Schlesinger,Male,1926-02-16,"London, England, UK"
681,108,Peter Jackson,Male,1961-10-31,"Pukerua Bay, North Island, New Zealand"
682,57741,Mark Osborne,Male,1970-09-17,"Trenton, New Jersey, USA"
683,1223,Joel Coen,Male,1954-11-29,"St Louis Park, Minnesota, USA"
684,1776,Francis Ford Coppola,Male,1939-04-07,"Detroit, Michigan, USA"
685,30008,Leo McCarey,Male,1896-10-03,"Los Angeles, California, USA"
686,54441,James Ivory,Male,1928-06-07,"Berkeley, California, USA"
687,69081,Kim Jee-woon,Male,1964-07-06,"Seoul, South Korea"
688,380,Robert De Niro,Male,1943-08-17,"Greenwich Village, New York City, New York, USA"
689,2036,Alex Garland,Male,1970-05-26,"London, England"
690,5602,David Lynch,Male,1946-01-20,"Missoula, Montana, USA"
691,45052,Anton Corbijn,Male,1955-05-20,"Strijen, Zuid-Holland, Netherlands"
692,608,Hayao Miyazaki,Male,1941-01-05,Tokyo
693,2662,Frank Capra,Male,1897-05-18,"Bisacquino, Sicilia, Italia"
694,4945,Joe Johnston,Male,1950-05-13,"Fort Worth, Texas, USA"
695,36588,Joe Wright,Male,1972-08-25,"London, England, UK"
696,50767,Craig Gillespie,Male,1967-09-01,"Sydney, New South Wales, Australia"
697,6593,John Huston,Male,1906-08-05,"Nevada, Missouri, USA"
698,55936,Jemaine Clement,Male,1974-01-10,New Zealand
699,55934,Taika Waititi,Male,1975-08-16,"Wellington, New Zealand"
700,6448,Arthur Penn,Male,1922-09-27,"Philadelphia, Pennsylvania, United States"
701,66605,Todd Solondz,Male,1959-03-15,"Newark, New Jersey, USA"
702,11090,Edgar Wright,Male,1974-04-18,"Poole, Dorset, England, UK"
703,83287,Lynne Ramsay,Female,1969-12-05,"Glasgow, Strathclyde, Scotland, UK"
704,7467,David Fincher,Male,1962-08-28,"Denver, Colorado, USA"
705,52358,Boaz Yakin,Male,1966-06-20,New York City
706,893,Tony Scott,Male,1944-06-21,"North Shields, Northumberland, England, UK"
707,11218,Alfonso Cuarón,Male,1961-11-28,"Mexico City, Mexico"
708,1223,Joel Coen,Male,1954-11-29,"St Louis Park, Minnesota, USA"
709,3556,Roman Polański,Male,1933-08-18,"Paris, France"
710,879,Billy Bob Thornton,Male,1955-08-04,"Hot Springs, Arkansas, USA"
711,35736,Karan Johar,Male,1972-05-25,"Mumbai, Maharashtra, India"
712,15811,John Musker,Male,1953-11-08,"Chicago, Illinois, USA"
713,15810,Ron Clements,Male,1953-04-25,"Sioux City, Iowa, USA"
714,11701,Angelina Jolie,Female,1975-06-04,"Los Angeles, California, USA"
715,83189,Paolo Virzì,Male,1964-03-04,"Livorno, Italy"
716,14520,John Sturges,Male,1910-01-03,"Oak Park, Illinois, USA"
717,1130801,Gabriele Mainetti,Male,1976-11-07,Roma
718,202,Charlie Kaufman,Male,1958-11-19,"New York City, New York"
719,468,Stephen Daldry,Male,1961-05-02,"Dorset, England"
720,14999,George A. Romero,Male,1940-02-04,"New York City, New York, USA"
721,74091,Makoto Shinkai,Male,1973-02-09,"Nagano Prefecture, Japan"
722,6818,Werner Herzog,Male,1942-09-05,"Munich, Germany"
723,20657,Cristian Mungiu,Male,1968-04-27,"Iasi, Romania"
724,21684,Bong Joon-ho,Male,1969-09-14,"Daegu, South Korea"
725,190,Clint Eastwood,Male,1930-05-31,"San Francisco, California, USA"
726,4786,Richard Attenborough,Male,1923-08-29,"Cambridge, Cambridgeshire, England, UK"
727,82337,Wash Westmoreland,Male,1966-03-04,"Leeds, Regno Unito"
728,55252,Tim Miller,Male,1958-09-22,"Pasadena, California"
729,16391,Julie Taymor,Female,1952-12-15,"Newton, Massachusetts, U.S"
730,64883,Kang Je-gyu,Male,1962-12-23,"Masan, South Gyeongsang Province, South Korea"
731,5281,Spike Lee,Male,1957-03-20,"Atlanta, Georgia, USA"
732,40345,Don Bluth,Male,1937-09-13,"El Paso, Texas, USA"
733,21183,Nicolas Winding Refn,Male,1970-09-29,"Copenhagen, Denmark"
